habitate	Farm	Forest	All
2009	100	100	100
2010	70.43505094	50.85534696	56.97480337
2011	152.2130468	76.63313104	137.8921946
2012	196.9524568	71.0476448	168.6916493
2013	222.3285002	71.06669484	197.799044
2014	232.0125988	74.52547952	219.9268702
2015	311.8249825	91.16790852	244.8947059
2016	307.4800989	76.65166528	243.5320425
