year,DO(mg/L)
2004,6.478865979
2005,6.769711538
2006,6.841346154
2007,6.864663462
2008,6.795913462
2009,6.868269231
2010,6.927163462
2011,6.925
2012,6.794761905
2013,6.83452381
2014,6.714761905
2015,6.697142857
2016,6.687857143
2017,6.776666667
2018,6.666190476
2019,6.14984127
2020,6.7333606557377
2021,6.70408653846154
2022,6.77729166666667
