year,value of water conservation,value of carbon sequenstration,value of wood production,value of forest recreation
2014,2536.879997,263.679998,31.5991502,700.1465835
2015,2711.814206,263.8354717,18.2152914,715.7587113
